categories,sub_category,product_group,thumbnail_image,hover,detail_image,name,price,sale_price,point,sub_text,description,info,notice
ACCESSORY,WALLET,WRINKLE CANVAS WALLET 705,//www.rawrow.com/web/product/tiny/202009/3aa8924af31816343161d2c4039fe550.jpg,//www.rawrow.com/web/product/small/202009/1ea261c8edf9ffe995b93dc2f7bc6f1b.jpg,"['https://rawrow.openhost.cafe24.com/web/upload/NNEditor/20Q3/WRINKLEPACK/RWA705/r.com/1.-IMAGE.jpg', 'https://rawrow.openhost.cafe24.com/web/upload/NNEditor/20Q3/WRINKLEPACK/RWA705/r.com/2.-FEATURE.jpg', 'https://rawrow.openhost.cafe24.com/web/upload/NNEditor/20Q3/WRINKLEPACK/RWA705/r.com/3.-PRODUCT_CHARCOAL.jpg', 'https://rawrow.openhost.cafe24.com/web/upload/NNEditor/20Q3/WRINKLEPACK/RWA705/r.com/4.-GROUP.jpg', 'https://rawrow.openhost.cafe24.com/web/upload/NNEditor/20Q3/WRINKLEPACK/RWA705/r.com/5.-DETAIL.jpg']",WRINKLE CANVAS WALLET 705 CHARCOAL,39000,33150,1600,,"WRINKLE SERIES with SEOULMADEWRINKLE포켓에 주름을 넣어 납작한 공간에 여유를 주었습니다.WAXED CANVAS왁스를 코팅해 내구성과 발수성을 높인 왁스드 원단. 쓸수록 습관으로 만들어진 주름이 드러나고, 자연스럽게 사용감이 반영됩니다.*차콜, 올리브만 적용- 동전, 카드, 에어팟 등 수납에 적합한 사이즈- 크로스 또는 목걸이 형태로 착용",MATERIAL : COTTON 100%WEIGHT : 60gSIZE : W 11.5 x H 9.5 x D 5 cm,사용시 주의사항원단과 형태가 손상될 수 있으니 세탁은 가급적 피해 주시고 중성세제와 부드러운 솔을 사용해 오염된 부분만 가볍게 닦아주세요.
,,,//www.rawrow.com/web/product/tiny/202009/e97a0221eaea184e17b522addd629e95.jpg,//www.rawrow.com/web/product/small/202009/c0240335b50d1bee7f489b06b3d4dce1.jpg,"['https://rawrow.openhost.cafe24.com/web/upload/NNEditor/20Q3/WRINKLEPACK/RWA705/r.com/1.-IMAGE.jpg', 'https://rawrow.openhost.cafe24.com/web/upload/NNEditor/20Q3/WRINKLEPACK/RWA705/r.com/2.-FEATURE.jpg', 'https://rawrow.openhost.cafe24.com/web/upload/NNEditor/20Q3/WRINKLEPACK/RWA705/r.com/3.-PRODUCT_OLIVE.jpg', 'https://rawrow.openhost.cafe24.com/web/upload/NNEditor/20Q3/WRINKLEPACK/RWA705/r.com/4.-GROUP.jpg', 'https://rawrow.openhost.cafe24.com/web/upload/NNEditor/20Q3/WRINKLEPACK/RWA705/r.com/5.-DETAIL.jpg']",WRINKLE CANVAS WALLET 705 OLIVE,39000,33150,1600,,"WRINKLE SERIES with SEOULMADEWRINKLE포켓에 주름을 넣어 납작한 공간에 여유를 주었습니다.WAXED CANVAS왁스를 코팅해 내구성과 발수성을 높인 왁스드 원단. 쓸수록 습관으로 만들어진 주름이 드러나고, 자연스럽게 사용감이 반영됩니다.*차콜, 올리브만 적용- 동전, 카드, 에어팟 등 수납에 적합한 사이즈- 크로스 또는 목걸이 형태로 착용",MATERIAL : COTTON 100%WEIGHT : 60gSIZE : W 11.5 x H 9.5 x D 5 cm,사용시 주의사항원단과 형태가 손상될 수 있으니 세탁은 가급적 피해 주시고 중성세제와 부드러운 솔을 사용해 오염된 부분만 가볍게 닦아주세요.
,,,//www.rawrow.com/web/product/tiny/202009/82e4040df74dc62a5c9b4d2ba546d2b9.jpg,//www.rawrow.com/web/product/small/202009/98cf8803084f9b75c5cb11975a103163.jpg,"['https://rawrow.openhost.cafe24.com/web/upload/NNEditor/20Q3/WRINKLEPACK/RWA705/r.com/1.-IMAGE.jpg', 'https://rawrow.openhost.cafe24.com/web/upload/NNEditor/20Q3/WRINKLEPACK/RWA705/r.com/2.-FEATURE.jpg', 'https://rawrow.openhost.cafe24.com/web/upload/NNEditor/20Q3/WRINKLEPACK/RWA705/r.com/3.-PRODUCT_WHITE.jpg', 'https://rawrow.openhost.cafe24.com/web/upload/NNEditor/20Q3/WRINKLEPACK/RWA705/r.com/4.-GROUP.jpg', 'https://rawrow.openhost.cafe24.com/web/upload/NNEditor/20Q3/WRINKLEPACK/RWA705/r.com/5.-DETAIL.jpg']",WRINKLE CANVAS WALLET 705 WHITE,39000,33150,1600,,"WRINKLE SERIES with SEOULMADEWRINKLE포켓에 주름을 넣어 납작한 공간에 여유를 주었습니다.WAXED CANVAS왁스를 코팅해 내구성과 발수성을 높인 왁스드 원단. 쓸수록 습관으로 만들어진 주름이 드러나고, 자연스럽게 사용감이 반영됩니다.*차콜, 올리브만 적용- 동전, 카드, 에어팟 등 수납에 적합한 사이즈- 크로스 또는 목걸이 형태로 착용",MATERIAL : COTTON 100%WEIGHT : 60gSIZE : W 11.5 x H 9.5 x D 5 cm,사용시 주의사항원단과 형태가 손상될 수 있으니 세탁은 가급적 피해 주시고 중성세제와 부드러운 솔을 사용해 오염된 부분만 가볍게 닦아주세요.
,,LIFE LINE WALLET,//www.rawrow.com/web/product/tiny/20200421/b7a300d213db501dbb109d1efe0d8133.jpg,,"['https://rawrow.openhost.cafe24.com/web/upload/NNEditor/19S6/NASA/RWA051/1.-RWA051_intro.jpg', 'https://rawrow.openhost.cafe24.com/web/upload/NNEditor/19S6/NASA/RWA051/2.-IMAGE_re.jpg', 'https://rawrow.openhost.cafe24.com/web/upload/NNEditor/19S6/NASA/RWA051/3.-FEATURE.jpg', 'https://rawrow.openhost.cafe24.com/web/upload/NNEditor/19S6/NASA/RWA051/4.-PRODUCT_BLACK.jpg', 'https://rawrow.openhost.cafe24.com/web/upload/NNEditor/19S6/NASA/RWA051/5.-GROUP.jpg', 'https://rawrow.openhost.cafe24.com/web/upload/NNEditor/19S6/NASA/RWA051/6.-DETAIL.jpg', 'https://rawrow.openhost.cafe24.com/web/upload/NNEditor/19S6/NASA/RWA051/6.-SPEC.jpg', 'https://rawrow.openhost.cafe24.com/web/upload/NNEditor/19S6/NASA/RWA051/8.-CAUTION.jpg']",LIFE LINE WALLET BLACK,39000,,1900,,"PROJECT 238,855 MILESROBIC®일반 나일론에 비해 강도와 내구성은 높고 무게는 가벼워 작업복이나 등산 가방, 군용 제품에 쓰이는 고강력 원단입니다. 컬러가 쉽게 바래지 않으며, 발수기능이 있어 물을 가볍게 튕겨냅니다.LIFE LINE우주비행사와 우주선을 서로 연결하는 장치에서 영감을 받아, 손으로 들거나 당기거나 고정하는 부분마다 라이프 라인을 사용했습니다. 추가 수납이 필요하면 카라비너를 걸어 활용할 수도 있습니다.",MATERIAL : NYLON 100%WEIGHT : 55gSIZE : W 12 x H 8.2 x D 1 cm,사용시 주의사항원단과 형태가 손상될 수 있으니 세탁은 가급적 피해 주시고 중성세제와 부드러운 솔을 사용해 오염된 부분만 가볍게 닦아주세요.
,,,//www.rawrow.com/web/product/tiny/20200421/f1c31d1fb8ae47cc30002e4046a29071.jpg,,"['https://rawrow.openhost.cafe24.com/web/upload/NNEditor/19S6/NASA/RWA051/1.-RWA051_intro.jpg', 'https://rawrow.openhost.cafe24.com/web/upload/NNEditor/19S6/NASA/RWA051/2.-IMAGE_re.jpg', 'https://rawrow.openhost.cafe24.com/web/upload/NNEditor/19S6/NASA/RWA051/3.-FEATURE.jpg', 'https://rawrow.openhost.cafe24.com/web/upload/NNEditor/19S6/NASA/RWA051/4.-PRODUCT_LIGHT-GRAY.jpg', 'https://rawrow.openhost.cafe24.com/web/upload/NNEditor/19S6/NASA/RWA051/5.-GROUP.jpg', 'https://rawrow.openhost.cafe24.com/web/upload/NNEditor/19S6/NASA/RWA051/6.-DETAIL.jpg', 'https://rawrow.openhost.cafe24.com/web/upload/NNEditor/19S6/NASA/RWA051/6.-SPEC.jpg', 'https://rawrow.openhost.cafe24.com/web/upload/NNEditor/19S6/NASA/RWA051/8.-CAUTION.jpg']",LIFE LINE WALLET LIGHT GRAY,39000,,1900,,"PROJECT 238,855 MILESROBIC®일반 나일론에 비해 강도와 내구성은 높고 무게는 가벼워 작업복이나 등산 가방, 군용 제품에 쓰이는 고강력 원단입니다. 컬러가 쉽게 바래지 않으며, 발수기능이 있어 물을 가볍게 튕겨냅니다.LIFE LINE우주비행사와 우주선을 서로 연결하는 장치에서 영감을 받아, 손으로 들거나 당기거나 고정하는 부분마다 라이프 라인을 사용했습니다. 추가 수납이 필요하면 카라비너를 걸어 활용할 수도 있습니다.",MATERIAL : NYLON 100%WEIGHT : 55gSIZE : W 12 x H 8.2 x D 1 cm,사용시 주의사항원단과 형태가 손상될 수 있으니 세탁은 가급적 피해 주시고 중성세제와 부드러운 솔을 사용해 오염된 부분만 가볍게 닦아주세요.
,,,//www.rawrow.com/web/product/tiny/20200421/777eb32477bd3fd6c801ec052cb9773c.jpg,,"['https://rawrow.openhost.cafe24.com/web/upload/NNEditor/19S6/NASA/RWA051/1.-RWA051_intro.jpg', 'https://rawrow.openhost.cafe24.com/web/upload/NNEditor/19S6/NASA/RWA051/2.-IMAGE_re.jpg', 'https://rawrow.openhost.cafe24.com/web/upload/NNEditor/19S6/NASA/RWA051/3.-FEATURE.jpg', 'https://rawrow.openhost.cafe24.com/web/upload/NNEditor/19S6/NASA/RWA051/4.-PRODUCT_ORANGE.jpg', 'https://rawrow.openhost.cafe24.com/web/upload/NNEditor/19S6/NASA/RWA051/5.-GROUP.jpg', 'https://rawrow.openhost.cafe24.com/web/upload/NNEditor/19S6/NASA/RWA051/6.-DETAIL.jpg', 'https://rawrow.openhost.cafe24.com/web/upload/NNEditor/19S6/NASA/RWA051/6.-SPEC.jpg', 'https://rawrow.openhost.cafe24.com/web/upload/NNEditor/19S6/NASA/RWA051/8.-CAUTION.jpg']",LIFE LINE WALLET ORANGE,39000,,1900,,"PROJECT 238,855 MILESROBIC®일반 나일론에 비해 강도와 내구성은 높고 무게는 가벼워 작업복이나 등산 가방, 군용 제품에 쓰이는 고강력 원단입니다. 컬러가 쉽게 바래지 않으며, 발수기능이 있어 물을 가볍게 튕겨냅니다.LIFE LINE우주비행사와 우주선을 서로 연결하는 장치에서 영감을 받아, 손으로 들거나 당기거나 고정하는 부분마다 라이프 라인을 사용했습니다. 추가 수납이 필요하면 카라비너를 걸어 활용할 수도 있습니다.",MATERIAL : NYLON 100%WEIGHT : 55gSIZE : W 12 x H 8.2 x D 1 cm,사용시 주의사항원단과 형태가 손상될 수 있으니 세탁은 가급적 피해 주시고 중성세제와 부드러운 솔을 사용해 오염된 부분만 가볍게 닦아주세요.
,,LIFE LINE PASSPORT,//www.rawrow.com/web/product/tiny/20200421/ba8d90e8cd45cac2f3322108e446693f.jpg,,"['https://rawrow.openhost.cafe24.com/web/upload/NNEditor/19S6/NASA/RWA050/1.-RWA050_intro.jpg', 'https://rawrow.openhost.cafe24.com/web/upload/NNEditor/19S6/NASA/RWA050/2.-IMAGE_re.jpg', 'https://rawrow.openhost.cafe24.com/web/upload/NNEditor/19S6/NASA/RWA050/3.-FEATURE.jpg', 'https://rawrow.openhost.cafe24.com/web/upload/NNEditor/19S6/NASA/RWA050/4.-PRODUCT_BLACK.jpg', 'https://rawrow.openhost.cafe24.com/web/upload/NNEditor/19S6/NASA/RWA050/5.-GROUP.jpg', 'https://rawrow.openhost.cafe24.com/web/upload/NNEditor/19S6/NASA/RWA050/6.-DETAIL.jpg', 'https://rawrow.openhost.cafe24.com/web/upload/NNEditor/19S6/NASA/RWA050/6.-SPEC.jpg', 'https://rawrow.openhost.cafe24.com/web/upload/NNEditor/19S6/NASA/RWA050/8.-CAUTION.jpg']",LIFE LINE PASSPORT BLACK,39000,,1900,,"PROJECT 238,855 MILESROBIC®일반 나일론에 비해 강도와 내구성은 높고 무게는 가벼워 작업복이나 등산 가방, 군용 제품에 쓰이는 고강력 원단입니다. 컬러가 쉽게 바래지 않으며, 발수기능이 있어 물을 가볍게 튕겨냅니다.LIFE LINE우주비행사와 우주선을 서로 연결하는 장치에서 영감을 받아, 손으로 들거나 당기거나 고정하는 부분마다 라이프 라인을 사용했습니다. 추가 수납이 필요하면 카라비너를 걸어 활용할 수도 있습니다.",MATERIAL : NYLON 100%WEIGHT : 65gSIZE : W 14.6 x H 10.2 x D 1 cm,사용시 주의사항원단과 형태가 손상될 수 있으니 세탁은 가급적 피해 주시고 중성세제와 부드러운 솔을 사용해 오염된 부분만 가볍게 닦아주세요.
,,,//www.rawrow.com/web/product/tiny/20200421/7780c4ddec83725869763b18126d3d84.jpg,,"['https://rawrow.openhost.cafe24.com/web/upload/NNEditor/19S6/NASA/RWA050/1.-RWA050_intro.jpg', 'https://rawrow.openhost.cafe24.com/web/upload/NNEditor/19S6/NASA/RWA050/2.-IMAGE_re.jpg', 'https://rawrow.openhost.cafe24.com/web/upload/NNEditor/19S6/NASA/RWA050/3.-FEATURE.jpg', 'https://rawrow.openhost.cafe24.com/web/upload/NNEditor/19S6/NASA/RWA050/4.-PRODUCT_LIGHT-GRAY.jpg', 'https://rawrow.openhost.cafe24.com/web/upload/NNEditor/19S6/NASA/RWA050/5.-GROUP.jpg', 'https://rawrow.openhost.cafe24.com/web/upload/NNEditor/19S6/NASA/RWA050/6.-DETAIL.jpg', 'https://rawrow.openhost.cafe24.com/web/upload/NNEditor/19S6/NASA/RWA050/6.-SPEC.jpg', 'https://rawrow.openhost.cafe24.com/web/upload/NNEditor/19S6/NASA/RWA050/8.-CAUTION.jpg']",LIFE LINE PASSPORT LIGHT GRAY,39000,,1900,,"PROJECT 238,855 MILESROBIC®일반 나일론에 비해 강도와 내구성은 높고 무게는 가벼워 작업복이나 등산 가방, 군용 제품에 쓰이는 고강력 원단입니다. 컬러가 쉽게 바래지 않으며, 발수기능이 있어 물을 가볍게 튕겨냅니다.LIFE LINE우주비행사와 우주선을 서로 연결하는 장치에서 영감을 받아, 손으로 들거나 당기거나 고정하는 부분마다 라이프 라인을 사용했습니다. 추가 수납이 필요하면 카라비너를 걸어 활용할 수도 있습니다.",MATERIAL : NYLON 100%WEIGHT : 65gSIZE : W 14.6 x H 10.2 x D 1 cm,사용시 주의사항원단과 형태가 손상될 수 있으니 세탁은 가급적 피해 주시고 중성세제와 부드러운 솔을 사용해 오염된 부분만 가볍게 닦아주세요.
,,,//www.rawrow.com/web/product/tiny/20200421/7f333249e93bd70486b912c8d9d47dc6.jpg,,"['https://rawrow.openhost.cafe24.com/web/upload/NNEditor/19S6/NASA/RWA050/1.-RWA050_intro.jpg', 'https://rawrow.openhost.cafe24.com/web/upload/NNEditor/19S6/NASA/RWA050/2.-IMAGE_re.jpg', 'https://rawrow.openhost.cafe24.com/web/upload/NNEditor/19S6/NASA/RWA050/3.-FEATURE.jpg', 'https://rawrow.openhost.cafe24.com/web/upload/NNEditor/19S6/NASA/RWA050/4.-PRODUCT_ORANGE.jpg', 'https://rawrow.openhost.cafe24.com/web/upload/NNEditor/19S6/NASA/RWA050/5.-GROUP.jpg', 'https://rawrow.openhost.cafe24.com/web/upload/NNEditor/19S6/NASA/RWA050/6.-DETAIL.jpg', 'https://rawrow.openhost.cafe24.com/web/upload/NNEditor/19S6/NASA/RWA050/6.-SPEC.jpg', 'https://rawrow.openhost.cafe24.com/web/upload/NNEditor/19S6/NASA/RWA050/8.-CAUTION.jpg']",LIFE LINE PASSPORT ORANGE,39000,,1900,,"PROJECT 238,855 MILESROBIC®일반 나일론에 비해 강도와 내구성은 높고 무게는 가벼워 작업복이나 등산 가방, 군용 제품에 쓰이는 고강력 원단입니다. 컬러가 쉽게 바래지 않으며, 발수기능이 있어 물을 가볍게 튕겨냅니다.LIFE LINE우주비행사와 우주선을 서로 연결하는 장치에서 영감을 받아, 손으로 들거나 당기거나 고정하는 부분마다 라이프 라인을 사용했습니다. 추가 수납이 필요하면 카라비너를 걸어 활용할 수도 있습니다.",MATERIAL : NYLON 100%WEIGHT : 65gSIZE : W 14.6 x H 10.2 x D 1 cm,사용시 주의사항원단과 형태가 손상될 수 있으니 세탁은 가급적 피해 주시고 중성세제와 부드러운 솔을 사용해 오염된 부분만 가볍게 닦아주세요.
,,ZIP WALLET 304 LEATHER,//www.rawrow.com/web/product/tiny/201908/55aa4be241a9456e0d2549ff4d59a27a.jpg,,"['https://rawrow.openhost.cafe24.com/web/upload/NNEditor/19S5/RWA304/1.-RWA304_intro.jpg', 'https://rawrow.openhost.cafe24.com/web/upload/NNEditor/19S5/RWA304/2.-FEATURE.jpg', 'https://rawrow.openhost.cafe24.com/web/upload/NNEditor/19S5/RWA304/3.-PRODUCT_VEGETABLE.jpg', 'https://rawrow.openhost.cafe24.com/web/upload/NNEditor/19S5/RWA304/4.-GROUP.jpg', 'https://rawrow.openhost.cafe24.com/web/upload/NNEditor/19S5/RWA304/5.-DETAIL.jpg', 'https://rawrow.openhost.cafe24.com/web/upload/NNEditor/19S5/RWA304/6.-SPEC.jpg', 'https://rawrow.openhost.cafe24.com/web/upload/NNEditor/19S5/RWA304/7.-CAUTION.jpg']",ZIP WALLET 304 LEATHER NATURAL,74000,,3700,,"ORIGINAL WALLETVERA PELLE VEGETABLE LEATHER200년간 식물성분으로 무두질하는 방식을 고집하는 VERA PELLE 협회의 베지터블 레더를 사용하고 있으며, 쓰면 쓸수록 색이 짙어지고 자연스럽게 에이징되는 게 특징입니다.",MATERIAL : LEATHER 100%WEIGHT : 75gSIZE : W 10.6 x H 8.2 x D 2 cm,"가죽 제품 주의사항1.베지터블 가죽은 일반 가죽과 달리 원재료 본연의 장점을 극대화 하기 위해 필수 가공 과정만 거쳐 제작된 가죽입니다. 그렇기 때문에 사람의 피부처럼 결이나 주름의 차이는 자연스러운 현상이며 어느 정도의 스크래치나 힘줄 자국, 찍힘은 제품의 불량이 아닙니다. 2.가죽의 특성을 확인해 주시고 이에 의한 사항은 교환, 반품 사유가 되지 않으니 구매 전 한 번 더 고민해주세요.사용시 주의사항ORIGINAL WALLET SERIES의 모든 제품은 가죽의 특성상 물이 닿을 경우 자국이 남을 수 있습니다. 세탁 시 가죽이 뒤틀리는 현상이 발생할 수 있으니 최대한 세탁을 피해주시고 가급적 가죽전용 클리너를 이용하여 오염을 닦아주세요. 오염 부위에만 사용할 경우 가죽 컬러가 달라지니 전체 부위에 사용해 주세요."
,,,//www.rawrow.com/web/product/tiny/201908/fc0a1b5079e005cab4e4d436892e2a1b.jpg,,"['https://rawrow.openhost.cafe24.com/web/upload/NNEditor/19S5/RWA304/1.-RWA304_intro.jpg', 'https://rawrow.openhost.cafe24.com/web/upload/NNEditor/19S5/RWA304/2.-FEATURE.jpg', 'https://rawrow.openhost.cafe24.com/web/upload/NNEditor/19S5/RWA304/3.-PRODUCT_MUSTARD.jpg', 'https://rawrow.openhost.cafe24.com/web/upload/NNEditor/19S5/RWA304/4.-GROUP.jpg', 'https://rawrow.openhost.cafe24.com/web/upload/NNEditor/19S5/RWA304/5.-DETAIL.jpg', 'https://rawrow.openhost.cafe24.com/web/upload/NNEditor/19S5/RWA304/6.-SPEC.jpg', 'https://rawrow.openhost.cafe24.com/web/upload/NNEditor/19S5/RWA304/7.-CAUTION.jpg']",ZIP WALLET 304 LEATHER MUSTARD,74000,,3700,,"ORIGINAL WALLETVERA PELLE VEGETABLE LEATHER200년간 식물성분으로 무두질하는 방식을 고집하는 VERA PELLE 협회의 베지터블 레더를 사용하고 있으며, 쓰면 쓸수록 색이 짙어지고 자연스럽게 에이징되는 게 특징입니다.",MATERIAL : LEATHER 100%WEIGHT : 75gSIZE : W 10.6 x H 8.2 x D 2 cm,"가죽 제품 주의사항1.베지터블 가죽은 일반 가죽과 달리 원재료 본연의 장점을 극대화 하기 위해 필수 가공 과정만 거쳐 제작된 가죽입니다. 그렇기 때문에 사람의 피부처럼 결이나 주름의 차이는 자연스러운 현상이며 어느 정도의 스크래치나 힘줄 자국, 찍힘은 제품의 불량이 아닙니다. 2.가죽의 특성을 확인해 주시고 이에 의한 사항은 교환, 반품 사유가 되지 않으니 구매 전 한 번 더 고민해주세요.사용시 주의사항ORIGINAL WALLET SERIES의 모든 제품은 가죽의 특성상 물이 닿을 경우 자국이 남을 수 있습니다. 세탁 시 가죽이 뒤틀리는 현상이 발생할 수 있으니 최대한 세탁을 피해주시고 가급적 가죽전용 클리너를 이용하여 오염을 닦아주세요. 오염 부위에만 사용할 경우 가죽 컬러가 달라지니 전체 부위에 사용해 주세요."
,,,//www.rawrow.com/web/product/tiny/201908/03ea28fb28673fbe562ff32274cbb313.jpg,,"['https://rawrow.openhost.cafe24.com/web/upload/NNEditor/19S5/RWA304/1.-RWA304_intro.jpg', 'https://rawrow.openhost.cafe24.com/web/upload/NNEditor/19S5/RWA304/2.-FEATURE.jpg', 'https://rawrow.openhost.cafe24.com/web/upload/NNEditor/19S5/RWA304/3.-PRODUCT_BRICK.jpg', 'https://rawrow.openhost.cafe24.com/web/upload/NNEditor/19S5/RWA304/4.-GROUP.jpg', 'https://rawrow.openhost.cafe24.com/web/upload/NNEditor/19S5/RWA304/5.-DETAIL.jpg', 'https://rawrow.openhost.cafe24.com/web/upload/NNEditor/19S5/RWA304/6.-SPEC.jpg', 'https://rawrow.openhost.cafe24.com/web/upload/NNEditor/19S5/RWA304/7.-CAUTION.jpg']",ZIP WALLET 304 LEATHER BRICK,74000,,3700,,"ORIGINAL WALLETVERA PELLE VEGETABLE LEATHER200년간 식물성분으로 무두질하는 방식을 고집하는 VERA PELLE 협회의 베지터블 레더를 사용하고 있으며, 쓰면 쓸수록 색이 짙어지고 자연스럽게 에이징되는 게 특징입니다.",MATERIAL : LEATHER 100%WEIGHT : 75gSIZE : W 10.6 x H 8.2 x D 2 cm,"가죽 제품 주의사항1.베지터블 가죽은 일반 가죽과 달리 원재료 본연의 장점을 극대화 하기 위해 필수 가공 과정만 거쳐 제작된 가죽입니다. 그렇기 때문에 사람의 피부처럼 결이나 주름의 차이는 자연스러운 현상이며 어느 정도의 스크래치나 힘줄 자국, 찍힘은 제품의 불량이 아닙니다. 2.가죽의 특성을 확인해 주시고 이에 의한 사항은 교환, 반품 사유가 되지 않으니 구매 전 한 번 더 고민해주세요.사용시 주의사항ORIGINAL WALLET SERIES의 모든 제품은 가죽의 특성상 물이 닿을 경우 자국이 남을 수 있습니다. 세탁 시 가죽이 뒤틀리는 현상이 발생할 수 있으니 최대한 세탁을 피해주시고 가급적 가죽전용 클리너를 이용하여 오염을 닦아주세요. 오염 부위에만 사용할 경우 가죽 컬러가 달라지니 전체 부위에 사용해 주세요."
,,,//www.rawrow.com/web/product/tiny/201908/5bde4a81056ee1b0e2ef6e8314691868.jpg,,"['https://rawrow.openhost.cafe24.com/web/upload/NNEditor/19S5/RWA304/1.-RWA304_intro.jpg', 'https://rawrow.openhost.cafe24.com/web/upload/NNEditor/19S5/RWA304/2.-FEATURE.jpg', 'https://rawrow.openhost.cafe24.com/web/upload/NNEditor/19S5/RWA304/3.-PRODUCT_BLACK.jpg', 'https://rawrow.openhost.cafe24.com/web/upload/NNEditor/19S5/RWA304/4.-GROUP.jpg', 'https://rawrow.openhost.cafe24.com/web/upload/NNEditor/19S5/RWA304/5.-DETAIL.jpg', 'https://rawrow.openhost.cafe24.com/web/upload/NNEditor/19S5/RWA304/6.-SPEC.jpg', 'https://rawrow.openhost.cafe24.com/web/upload/NNEditor/19S5/RWA304/7.-CAUTION.jpg']",ZIP WALLET 304 LEATHER BLACK,74000,,3700,,"ORIGINAL WALLETVERA PELLE VEGETABLE LEATHER200년간 식물성분으로 무두질하는 방식을 고집하는 VERA PELLE 협회의 베지터블 레더를 사용하고 있으며, 쓰면 쓸수록 색이 짙어지고 자연스럽게 에이징되는 게 특징입니다.",MATERIAL : LEATHER 100%WEIGHT : 75gSIZE : W 10.6 x H 8.2 x D 2 cm,"가죽 제품 주의사항1.베지터블 가죽은 일반 가죽과 달리 원재료 본연의 장점을 극대화 하기 위해 필수 가공 과정만 거쳐 제작된 가죽입니다. 그렇기 때문에 사람의 피부처럼 결이나 주름의 차이는 자연스러운 현상이며 어느 정도의 스크래치나 힘줄 자국, 찍힘은 제품의 불량이 아닙니다. 2.가죽의 특성을 확인해 주시고 이에 의한 사항은 교환, 반품 사유가 되지 않으니 구매 전 한 번 더 고민해주세요.사용시 주의사항ORIGINAL WALLET SERIES의 모든 제품은 가죽의 특성상 물이 닿을 경우 자국이 남을 수 있습니다. 세탁 시 가죽이 뒤틀리는 현상이 발생할 수 있으니 최대한 세탁을 피해주시고 가급적 가죽전용 클리너를 이용하여 오염을 닦아주세요. 오염 부위에만 사용할 경우 가죽 컬러가 달라지니 전체 부위에 사용해 주세요."
,,FOLDING WALLET 303 LEATHER,//www.rawrow.com/web/product/tiny/201908/d577648591f07bb3a0b08486c4bc6766.jpg,,"['https://rawrow.openhost.cafe24.com/web/upload/NNEditor/19S5/RWA303/1.-RWA303_intro.jpg', 'https://rawrow.openhost.cafe24.com/web/upload/NNEditor/19S5/RWA303/2.-FEATURE.jpg', 'https://rawrow.openhost.cafe24.com/web/upload/NNEditor/19S5/RWA303/3.-PRODUCT_VEGETABLE.jpg', 'https://rawrow.openhost.cafe24.com/web/upload/NNEditor/19S5/RWA303/4.-GROUP.jpg', 'https://rawrow.openhost.cafe24.com/web/upload/NNEditor/19S5/RWA303/5.-DETAIL.jpg', 'https://rawrow.openhost.cafe24.com/web/upload/NNEditor/19S5/RWA303/6.-SPEC.jpg', 'https://rawrow.openhost.cafe24.com/web/upload/NNEditor/19S5/RWA303/7.-CAUTION.jpg']",FOLDING WALLET 303 LEATHER NATURAL,59000,,2900,,"ORIGINAL WALLETVERA PELLE VEGETABLE LEATHER200년간 식물성분으로 무두질하는 방식을 고집하는 VERA PELLE 협회의 베지터블 레더를 사용하고 있으며, 쓰면 쓸수록 색이 짙어지고 자연스럽게 에이징되는 게 특징입니다.",MATERIAL : LEATHER 100%WEIGHT : 51gSIZE : W 10.7 x H 7.8 x D 2 cm,"가죽 제품 주의사항1.베지터블 가죽은 일반 가죽과 달리 원재료 본연의 장점을 극대화 하기 위해 필수 가공 과정만 거쳐 제작된 가죽입니다. 그렇기 때문에 사람의 피부처럼 결이나 주름의 차이는 자연스러운 현상이며 어느 정도의 스크래치나 힘줄 자국, 찍힘은 제품의 불량이 아닙니다. 2.가죽의 특성을 확인해 주시고 이에 의한 사항은 교환, 반품 사유가 되지 않으니 구매 전 한 번 더 고민해주세요.사용시 주의사항ORIGINAL WALLET SERIES의 모든 제품은 가죽의 특성상 물이 닿을 경우 자국이 남을 수 있습니다. 세탁 시 가죽이 뒤틀리는 현상이 발생할 수 있으니 최대한 세탁을 피해주시고 가급적 가죽전용 클리너를 이용하여 오염을 닦아주세요. 오염 부위에만 사용할 경우 가죽 컬러가 달라지니 전체 부위에 사용해 주세요."
,,,//www.rawrow.com/web/product/tiny/201908/a5adb695ca7c2d8b5d66ecdcb5cea2dd.jpg,,"['https://rawrow.openhost.cafe24.com/web/upload/NNEditor/19S5/RWA303/1.-RWA303_intro.jpg', 'https://rawrow.openhost.cafe24.com/web/upload/NNEditor/19S5/RWA303/2.-FEATURE.jpg', 'https://rawrow.openhost.cafe24.com/web/upload/NNEditor/19S5/RWA303/3.-PRODUCT_MUSTARD.jpg', 'https://rawrow.openhost.cafe24.com/web/upload/NNEditor/19S5/RWA303/4.-GROUP.jpg', 'https://rawrow.openhost.cafe24.com/web/upload/NNEditor/19S5/RWA303/5.-DETAIL.jpg', 'https://rawrow.openhost.cafe24.com/web/upload/NNEditor/19S5/RWA303/6.-SPEC.jpg', 'https://rawrow.openhost.cafe24.com/web/upload/NNEditor/19S5/RWA303/7.-CAUTION.jpg']",FOLDING WALLET 303 LEATHER MUSTARD,59000,,2900,,"ORIGINAL WALLETVERA PELLE VEGETABLE LEATHER200년간 식물성분으로 무두질하는 방식을 고집하는 VERA PELLE 협회의 베지터블 레더를 사용하고 있으며, 쓰면 쓸수록 색이 짙어지고 자연스럽게 에이징되는 게 특징입니다.",MATERIAL : LEATHER 100%WEIGHT : 51gSIZE : W 10.7 x H 7.8 x D 2 cm,"가죽 제품 주의사항1.베지터블 가죽은 일반 가죽과 달리 원재료 본연의 장점을 극대화 하기 위해 필수 가공 과정만 거쳐 제작된 가죽입니다. 그렇기 때문에 사람의 피부처럼 결이나 주름의 차이는 자연스러운 현상이며 어느 정도의 스크래치나 힘줄 자국, 찍힘은 제품의 불량이 아닙니다. 2.가죽의 특성을 확인해 주시고 이에 의한 사항은 교환, 반품 사유가 되지 않으니 구매 전 한 번 더 고민해주세요.사용시 주의사항ORIGINAL WALLET SERIES의 모든 제품은 가죽의 특성상 물이 닿을 경우 자국이 남을 수 있습니다. 세탁 시 가죽이 뒤틀리는 현상이 발생할 수 있으니 최대한 세탁을 피해주시고 가급적 가죽전용 클리너를 이용하여 오염을 닦아주세요. 오염 부위에만 사용할 경우 가죽 컬러가 달라지니 전체 부위에 사용해 주세요."
,,,//www.rawrow.com/web/product/tiny/201908/c05cd81cddaf0234158a5f66c0009512.jpg,,"['https://rawrow.openhost.cafe24.com/web/upload/NNEditor/19S5/RWA303/1.-RWA303_intro.jpg', 'https://rawrow.openhost.cafe24.com/web/upload/NNEditor/19S5/RWA303/2.-FEATURE.jpg', 'https://rawrow.openhost.cafe24.com/web/upload/NNEditor/19S5/RWA303/3.-PRODUCT_BRICK.jpg', 'https://rawrow.openhost.cafe24.com/web/upload/NNEditor/19S5/RWA303/4.-GROUP.jpg', 'https://rawrow.openhost.cafe24.com/web/upload/NNEditor/19S5/RWA303/5.-DETAIL.jpg', 'https://rawrow.openhost.cafe24.com/web/upload/NNEditor/19S5/RWA303/6.-SPEC.jpg', 'https://rawrow.openhost.cafe24.com/web/upload/NNEditor/19S5/RWA303/7.-CAUTION.jpg']",FOLDING WALLET 303 LEATHER BRICK,59000,,2900,,"ORIGINAL WALLETVERA PELLE VEGETABLE LEATHER200년간 식물성분으로 무두질하는 방식을 고집하는 VERA PELLE 협회의 베지터블 레더를 사용하고 있으며, 쓰면 쓸수록 색이 짙어지고 자연스럽게 에이징되는 게 특징입니다.",MATERIAL : LEATHER 100%WEIGHT : 51gSIZE : W 10.7 x H 7.8 x D 2 cm,"가죽 제품 주의사항1.베지터블 가죽은 일반 가죽과 달리 원재료 본연의 장점을 극대화 하기 위해 필수 가공 과정만 거쳐 제작된 가죽입니다. 그렇기 때문에 사람의 피부처럼 결이나 주름의 차이는 자연스러운 현상이며 어느 정도의 스크래치나 힘줄 자국, 찍힘은 제품의 불량이 아닙니다. 2.가죽의 특성을 확인해 주시고 이에 의한 사항은 교환, 반품 사유가 되지 않으니 구매 전 한 번 더 고민해주세요.사용시 주의사항ORIGINAL WALLET SERIES의 모든 제품은 가죽의 특성상 물이 닿을 경우 자국이 남을 수 있습니다. 세탁 시 가죽이 뒤틀리는 현상이 발생할 수 있으니 최대한 세탁을 피해주시고 가급적 가죽전용 클리너를 이용하여 오염을 닦아주세요. 오염 부위에만 사용할 경우 가죽 컬러가 달라지니 전체 부위에 사용해 주세요."
,,,//www.rawrow.com/web/product/tiny/201908/17746ba0d870e8ce6f1d66e8cf250080.jpg,,"['https://rawrow.openhost.cafe24.com/web/upload/NNEditor/19S5/RWA303/1.-RWA303_intro.jpg', 'https://rawrow.openhost.cafe24.com/web/upload/NNEditor/19S5/RWA303/2.-FEATURE.jpg', 'https://rawrow.openhost.cafe24.com/web/upload/NNEditor/19S5/RWA303/3.-PRODUCT_BLACK.jpg', 'https://rawrow.openhost.cafe24.com/web/upload/NNEditor/19S5/RWA303/4.-GROUP.jpg', 'https://rawrow.openhost.cafe24.com/web/upload/NNEditor/19S5/RWA303/5.-DETAIL.jpg', 'https://rawrow.openhost.cafe24.com/web/upload/NNEditor/19S5/RWA303/6.-SPEC.jpg', 'https://rawrow.openhost.cafe24.com/web/upload/NNEditor/19S5/RWA303/7.-CAUTION.jpg']",FOLDING WALLET 303 LEATHER BLACK,59000,,2900,,"ORIGINAL WALLETVERA PELLE VEGETABLE LEATHER200년간 식물성분으로 무두질하는 방식을 고집하는 VERA PELLE 협회의 베지터블 레더를 사용하고 있으며, 쓰면 쓸수록 색이 짙어지고 자연스럽게 에이징되는 게 특징입니다.",MATERIAL : LEATHER 100%WEIGHT : 51gSIZE : W 10.7 x H 7.8 x D 2 cm,"가죽 제품 주의사항1.베지터블 가죽은 일반 가죽과 달리 원재료 본연의 장점을 극대화 하기 위해 필수 가공 과정만 거쳐 제작된 가죽입니다. 그렇기 때문에 사람의 피부처럼 결이나 주름의 차이는 자연스러운 현상이며 어느 정도의 스크래치나 힘줄 자국, 찍힘은 제품의 불량이 아닙니다. 2.가죽의 특성을 확인해 주시고 이에 의한 사항은 교환, 반품 사유가 되지 않으니 구매 전 한 번 더 고민해주세요.사용시 주의사항ORIGINAL WALLET SERIES의 모든 제품은 가죽의 특성상 물이 닿을 경우 자국이 남을 수 있습니다. 세탁 시 가죽이 뒤틀리는 현상이 발생할 수 있으니 최대한 세탁을 피해주시고 가급적 가죽전용 클리너를 이용하여 오염을 닦아주세요. 오염 부위에만 사용할 경우 가죽 컬러가 달라지니 전체 부위에 사용해 주세요."
,,R WALLET 301 LEATHER,//www.rawrow.com/web/product/tiny/201908/daa6d4784bcd77c73e619760cc36507d.jpg,,"['https://rawrow.openhost.cafe24.com/web/upload/NNEditor/19S5/RWA301/1.-RWA301_intro.jpg', 'https://rawrow.openhost.cafe24.com/web/upload/NNEditor/19S5/RWA301/2.-FEATURE.jpg', 'https://rawrow.openhost.cafe24.com/web/upload/NNEditor/19S5/RWA301/3.-PRODUCT_VEGETABLE.jpg', 'https://rawrow.openhost.cafe24.com/web/upload/NNEditor/19S5/RWA301/4.-GROUP.jpg', 'https://rawrow.openhost.cafe24.com/web/upload/NNEditor/19S5/RWA301/5.-DETAIL.jpg', 'https://rawrow.openhost.cafe24.com/web/upload/NNEditor/19S5/RWA301/6.-SPEC.jpg', 'https://rawrow.openhost.cafe24.com/web/upload/NNEditor/19S5/RWA301/7.-CAUTION.jpg']",R WALLET 301 LEATHER NATURAL,29000,,1400,,"ORIGINAL WALLETVERA PELLE VEGETABLE LEATHER200년간 식물성분으로 무두질하는 방식을 고집하는 VERA PELLE 협회의 베지터블 레더를 사용하고 있으며, 쓰면 쓸수록 색이 짙어지고 자연스럽게 에이징되는 게 특징입니다.",MATERIAL : LEATHER 100%WEIGHT : 27gSIZE : W 10 x H 7 x D 0.5 cm,"가죽 제품 주의사항1.베지터블 가죽은 일반 가죽과 달리 원재료 본연의 장점을 극대화 하기 위해 필수 가공 과정만 거쳐 제작된 가죽입니다. 그렇기 때문에 사람의 피부처럼 결이나 주름의 차이는 자연스러운 현상이며 어느 정도의 스크래치나 힘줄 자국, 찍힘은 제품의 불량이 아닙니다. 2.가죽의 특성을 확인해 주시고 이에 의한 사항은 교환, 반품 사유가 되지 않으니 구매 전 한 번 더 고민해주세요.사용시 주의사항ORIGINAL WALLET SERIES의 모든 제품은 가죽의 특성상 물이 닿을 경우 자국이 남을 수 있습니다. 세탁 시 가죽이 뒤틀리는 현상이 발생할 수 있으니 최대한 세탁을 피해주시고 가급적 가죽전용 클리너를 이용하여 오염을 닦아주세요. 오염 부위에만 사용할 경우 가죽 컬러가 달라지니 전체 부위에 사용해 주세요."
,,,//www.rawrow.com/web/product/tiny/201908/09c00f83b54761a604f200704e9610be.jpg,,"['https://rawrow.openhost.cafe24.com/web/upload/NNEditor/19S5/RWA301/1.-RWA301_intro.jpg', 'https://rawrow.openhost.cafe24.com/web/upload/NNEditor/19S5/RWA301/2.-FEATURE.jpg', 'https://rawrow.openhost.cafe24.com/web/upload/NNEditor/19S5/RWA301/3.-PRODUCT_MUSTARD.jpg', 'https://rawrow.openhost.cafe24.com/web/upload/NNEditor/19S5/RWA301/4.-GROUP.jpg', 'https://rawrow.openhost.cafe24.com/web/upload/NNEditor/19S5/RWA301/5.-DETAIL.jpg', 'https://rawrow.openhost.cafe24.com/web/upload/NNEditor/19S5/RWA301/6.-SPEC.jpg', 'https://rawrow.openhost.cafe24.com/web/upload/NNEditor/19S5/RWA301/7.-CAUTION.jpg']",R WALLET 301 LEATHER MUSTARD,29000,,1400,,"ORIGINAL WALLETVERA PELLE VEGETABLE LEATHER200년간 식물성분으로 무두질하는 방식을 고집하는 VERA PELLE 협회의 베지터블 레더를 사용하고 있으며, 쓰면 쓸수록 색이 짙어지고 자연스럽게 에이징되는 게 특징입니다.",MATERIAL : LEATHER 100%WEIGHT : 27gSIZE : W 10 x H 7 x D 0.5 cm,"가죽 제품 주의사항1.베지터블 가죽은 일반 가죽과 달리 원재료 본연의 장점을 극대화 하기 위해 필수 가공 과정만 거쳐 제작된 가죽입니다. 그렇기 때문에 사람의 피부처럼 결이나 주름의 차이는 자연스러운 현상이며 어느 정도의 스크래치나 힘줄 자국, 찍힘은 제품의 불량이 아닙니다. 2.가죽의 특성을 확인해 주시고 이에 의한 사항은 교환, 반품 사유가 되지 않으니 구매 전 한 번 더 고민해주세요.사용시 주의사항ORIGINAL WALLET SERIES의 모든 제품은 가죽의 특성상 물이 닿을 경우 자국이 남을 수 있습니다. 세탁 시 가죽이 뒤틀리는 현상이 발생할 수 있으니 최대한 세탁을 피해주시고 가급적 가죽전용 클리너를 이용하여 오염을 닦아주세요. 오염 부위에만 사용할 경우 가죽 컬러가 달라지니 전체 부위에 사용해 주세요."
,,,//www.rawrow.com/web/product/tiny/201908/2e0463f581743c76eabb55eef0b3bddf.jpg,,"['https://rawrow.openhost.cafe24.com/web/upload/NNEditor/19S5/RWA301/1.-RWA301_intro.jpg', 'https://rawrow.openhost.cafe24.com/web/upload/NNEditor/19S5/RWA301/2.-FEATURE.jpg', 'https://rawrow.openhost.cafe24.com/web/upload/NNEditor/19S5/RWA301/3.-PRODUCT_BRICK.jpg', 'https://rawrow.openhost.cafe24.com/web/upload/NNEditor/19S5/RWA301/4.-GROUP.jpg', 'https://rawrow.openhost.cafe24.com/web/upload/NNEditor/19S5/RWA301/5.-DETAIL.jpg', 'https://rawrow.openhost.cafe24.com/web/upload/NNEditor/19S5/RWA301/6.-SPEC.jpg', 'https://rawrow.openhost.cafe24.com/web/upload/NNEditor/19S5/RWA301/7.-CAUTION.jpg']",R WALLET 301 LEATHER BRICK,29000,,1400,,"ORIGINAL WALLETVERA PELLE VEGETABLE LEATHER200년간 식물성분으로 무두질하는 방식을 고집하는 VERA PELLE 협회의 베지터블 레더를 사용하고 있으며, 쓰면 쓸수록 색이 짙어지고 자연스럽게 에이징되는 게 특징입니다.",MATERIAL : LEATHER 100%WEIGHT : 27gSIZE : W 10 x H 7 x D 0.5 cm,"가죽 제품 주의사항1.베지터블 가죽은 일반 가죽과 달리 원재료 본연의 장점을 극대화 하기 위해 필수 가공 과정만 거쳐 제작된 가죽입니다. 그렇기 때문에 사람의 피부처럼 결이나 주름의 차이는 자연스러운 현상이며 어느 정도의 스크래치나 힘줄 자국, 찍힘은 제품의 불량이 아닙니다. 2.가죽의 특성을 확인해 주시고 이에 의한 사항은 교환, 반품 사유가 되지 않으니 구매 전 한 번 더 고민해주세요.사용시 주의사항ORIGINAL WALLET SERIES의 모든 제품은 가죽의 특성상 물이 닿을 경우 자국이 남을 수 있습니다. 세탁 시 가죽이 뒤틀리는 현상이 발생할 수 있으니 최대한 세탁을 피해주시고 가급적 가죽전용 클리너를 이용하여 오염을 닦아주세요. 오염 부위에만 사용할 경우 가죽 컬러가 달라지니 전체 부위에 사용해 주세요."
,,,//www.rawrow.com/web/product/tiny/201908/781f952d61344b6b956bc31e8145c609.jpg,,"['https://rawrow.openhost.cafe24.com/web/upload/NNEditor/19S5/RWA301/1.-RWA301_intro.jpg', 'https://rawrow.openhost.cafe24.com/web/upload/NNEditor/19S5/RWA301/2.-FEATURE.jpg', 'https://rawrow.openhost.cafe24.com/web/upload/NNEditor/19S5/RWA301/3.-PRODUCT_BLACK.jpg', 'https://rawrow.openhost.cafe24.com/web/upload/NNEditor/19S5/RWA301/4.-GROUP.jpg', 'https://rawrow.openhost.cafe24.com/web/upload/NNEditor/19S5/RWA301/5.-DETAIL.jpg', 'https://rawrow.openhost.cafe24.com/web/upload/NNEditor/19S5/RWA301/6.-SPEC.jpg', 'https://rawrow.openhost.cafe24.com/web/upload/NNEditor/19S5/RWA301/7.-CAUTION.jpg']",R WALLET 301 LEATHER BLACK,29000,,1400,,"ORIGINAL WALLETVERA PELLE VEGETABLE LEATHER200년간 식물성분으로 무두질하는 방식을 고집하는 VERA PELLE 협회의 베지터블 레더를 사용하고 있으며, 쓰면 쓸수록 색이 짙어지고 자연스럽게 에이징되는 게 특징입니다.",MATERIAL : LEATHER 100%WEIGHT : 27gSIZE : W 10 x H 7 x D 0.5 cm,"가죽 제품 주의사항1.베지터블 가죽은 일반 가죽과 달리 원재료 본연의 장점을 극대화 하기 위해 필수 가공 과정만 거쳐 제작된 가죽입니다. 그렇기 때문에 사람의 피부처럼 결이나 주름의 차이는 자연스러운 현상이며 어느 정도의 스크래치나 힘줄 자국, 찍힘은 제품의 불량이 아닙니다. 2.가죽의 특성을 확인해 주시고 이에 의한 사항은 교환, 반품 사유가 되지 않으니 구매 전 한 번 더 고민해주세요.사용시 주의사항ORIGINAL WALLET SERIES의 모든 제품은 가죽의 특성상 물이 닿을 경우 자국이 남을 수 있습니다. 세탁 시 가죽이 뒤틀리는 현상이 발생할 수 있으니 최대한 세탁을 피해주시고 가급적 가죽전용 클리너를 이용하여 오염을 닦아주세요. 오염 부위에만 사용할 경우 가죽 컬러가 달라지니 전체 부위에 사용해 주세요."
,,R WALLET 300 LEATHER,//www.rawrow.com/web/product/tiny/201908/780952837b87c3217929676caa246865.jpg,,"['https://rawrow.openhost.cafe24.com/web/upload/NNEditor/19S5/RWA300/1.-RWA300_intro.jpg', 'https://rawrow.openhost.cafe24.com/web/upload/NNEditor/19S5/RWA300/2.-FEATURE.jpg', 'https://rawrow.openhost.cafe24.com/web/upload/NNEditor/19S5/RWA300/3.-PRODUCT_VEGETABLE.jpg', 'https://rawrow.openhost.cafe24.com/web/upload/NNEditor/19S5/RWA300/4.-GROUP.jpg', 'https://rawrow.openhost.cafe24.com/web/upload/NNEditor/19S5/RWA300/5.-DETAIL.jpg', 'https://rawrow.openhost.cafe24.com/web/upload/NNEditor/19S5/RWA300/6.-SPEC.jpg', 'https://rawrow.openhost.cafe24.com/web/upload/NNEditor/19S5/RWA300/7.-CAUTION.jpg']",R WALLET 300 LEATHER NATURAL,64000,,3200,,"ORIGINAL WALLETVERA PELLE VEGETABLE LEATHER200년간 식물성분으로 무두질하는 방식을 고집하는 VERA PELLE 협회의 베지터블 레더를 사용하고 있으며, 쓰면 쓸수록 색이 짙어지고 자연스럽게 에이징되는 게 특징입니다.",MATERIAL : LEATHER 100%WEIGHT : 65gSIZE : W 11 x H 8.9 x D 1 cm,"가죽 제품 주의사항1.베지터블 가죽은 일반 가죽과 달리 원재료 본연의 장점을 극대화 하기 위해 필수 가공 과정만 거쳐 제작된 가죽입니다. 그렇기 때문에 사람의 피부처럼 결이나 주름의 차이는 자연스러운 현상이며 어느 정도의 스크래치나 힘줄 자국, 찍힘은 제품의 불량이 아닙니다. 2.가죽의 특성을 확인해 주시고 이에 의한 사항은 교환, 반품 사유가 되지 않으니 구매 전 한 번 더 고민해주세요.사용시 주의사항ORIGINAL WALLET SERIES의 모든 제품은 가죽의 특성상 물이 닿을 경우 자국이 남을 수 있습니다. 세탁 시 가죽이 뒤틀리는 현상이 발생할 수 있으니 최대한 세탁을 피해주시고 가급적 가죽전용 클리너를 이용하여 오염을 닦아주세요. 오염 부위에만 사용할 경우 가죽 컬러가 달라지니 전체 부위에 사용해 주세요."
,,,//www.rawrow.com/web/product/tiny/201908/c7fb6e0887c218f69069567ead6c84b7.jpg,,"['https://rawrow.openhost.cafe24.com/web/upload/NNEditor/19S5/RWA300/1.-RWA300_intro.jpg', 'https://rawrow.openhost.cafe24.com/web/upload/NNEditor/19S5/RWA300/2.-FEATURE.jpg', 'https://rawrow.openhost.cafe24.com/web/upload/NNEditor/19S5/RWA300/3.-PRODUCT_MUSTARD.jpg', 'https://rawrow.openhost.cafe24.com/web/upload/NNEditor/19S5/RWA300/4.-GROUP.jpg', 'https://rawrow.openhost.cafe24.com/web/upload/NNEditor/19S5/RWA300/5.-DETAIL.jpg', 'https://rawrow.openhost.cafe24.com/web/upload/NNEditor/19S5/RWA300/6.-SPEC.jpg', 'https://rawrow.openhost.cafe24.com/web/upload/NNEditor/19S5/RWA300/7.-CAUTION.jpg']",R WALLET 300 LEATHER MUSTARD,64000,,3200,,"ORIGINAL WALLETVERA PELLE VEGETABLE LEATHER200년간 식물성분으로 무두질하는 방식을 고집하는 VERA PELLE 협회의 베지터블 레더를 사용하고 있으며, 쓰면 쓸수록 색이 짙어지고 자연스럽게 에이징되는 게 특징입니다.",MATERIAL : LEATHER 100%WEIGHT : 65gSIZE : W 11 x H 8.9 x D 1 cm,"가죽 제품 주의사항1.베지터블 가죽은 일반 가죽과 달리 원재료 본연의 장점을 극대화 하기 위해 필수 가공 과정만 거쳐 제작된 가죽입니다. 그렇기 때문에 사람의 피부처럼 결이나 주름의 차이는 자연스러운 현상이며 어느 정도의 스크래치나 힘줄 자국, 찍힘은 제품의 불량이 아닙니다. 2.가죽의 특성을 확인해 주시고 이에 의한 사항은 교환, 반품 사유가 되지 않으니 구매 전 한 번 더 고민해주세요.사용시 주의사항ORIGINAL WALLET SERIES의 모든 제품은 가죽의 특성상 물이 닿을 경우 자국이 남을 수 있습니다. 세탁 시 가죽이 뒤틀리는 현상이 발생할 수 있으니 최대한 세탁을 피해주시고 가급적 가죽전용 클리너를 이용하여 오염을 닦아주세요. 오염 부위에만 사용할 경우 가죽 컬러가 달라지니 전체 부위에 사용해 주세요."
,,,//www.rawrow.com/web/product/tiny/201908/3740f2907fed20696c068ef62f6e65cb.jpg,,"['https://rawrow.openhost.cafe24.com/web/upload/NNEditor/19S5/RWA300/1.-RWA300_intro.jpg', 'https://rawrow.openhost.cafe24.com/web/upload/NNEditor/19S5/RWA300/2.-FEATURE.jpg', 'https://rawrow.openhost.cafe24.com/web/upload/NNEditor/19S5/RWA300/3.-PRODUCT_BRICK.jpg', 'https://rawrow.openhost.cafe24.com/web/upload/NNEditor/19S5/RWA300/4.-GROUP.jpg', 'https://rawrow.openhost.cafe24.com/web/upload/NNEditor/19S5/RWA300/5.-DETAIL.jpg', 'https://rawrow.openhost.cafe24.com/web/upload/NNEditor/19S5/RWA300/6.-SPEC.jpg', 'https://rawrow.openhost.cafe24.com/web/upload/NNEditor/19S5/RWA300/7.-CAUTION.jpg']",R WALLET 300 LEATHER BRICK,64000,,3200,,"ORIGINAL WALLETVERA PELLE VEGETABLE LEATHER200년간 식물성분으로 무두질하는 방식을 고집하는 VERA PELLE 협회의 베지터블 레더를 사용하고 있으며, 쓰면 쓸수록 색이 짙어지고 자연스럽게 에이징되는 게 특징입니다.",MATERIAL : LEATHER 100%WEIGHT : 65gSIZE : W 11 x H 8.9 x D 1 cm,"가죽 제품 주의사항1.베지터블 가죽은 일반 가죽과 달리 원재료 본연의 장점을 극대화 하기 위해 필수 가공 과정만 거쳐 제작된 가죽입니다. 그렇기 때문에 사람의 피부처럼 결이나 주름의 차이는 자연스러운 현상이며 어느 정도의 스크래치나 힘줄 자국, 찍힘은 제품의 불량이 아닙니다. 2.가죽의 특성을 확인해 주시고 이에 의한 사항은 교환, 반품 사유가 되지 않으니 구매 전 한 번 더 고민해주세요.사용시 주의사항ORIGINAL WALLET SERIES의 모든 제품은 가죽의 특성상 물이 닿을 경우 자국이 남을 수 있습니다. 세탁 시 가죽이 뒤틀리는 현상이 발생할 수 있으니 최대한 세탁을 피해주시고 가급적 가죽전용 클리너를 이용하여 오염을 닦아주세요. 오염 부위에만 사용할 경우 가죽 컬러가 달라지니 전체 부위에 사용해 주세요."
,,MODULE 230 MESH,//www.rawrow.com/web/product/tiny/201708/1345_shop1_909539.jpg,,['/web/upload/NNEditor/20170825/MODULE--230-MESH-GREY.jpg'],MODULE 230 MESH GRAY,8900,,400,,MODULECOTNA모서리 부분이 빨리 마모되는 캔버스 소재의 단점을 보완하기 위해 사용한 원단. 만져보면 캔버스 같지만 그보다 더 튼튼하고 발수량이 좋은 ‘코트나’입니다. 피치 워싱을 더해 피부에 닿는 촉감도 부드럽습니다.,MATERIAL : POLYESTER 100%WEIGHT : 8g SIZE : W 25 x H 19 x D 0.5 cm,사용시 주의사항세탁기에 바로 넣어 빨래망으로도 사용할 수 있는 메쉬 소재 제품입니다.
,ETC,R WAX 000,//www.rawrow.com/web/product/tiny/201607/906_shop1_928173.jpg,,['/web/upload/NNEditor/20190729/R_WAX_900.jpg'],R WAX 000,6000,,300,,AGING with [YOU]R WAX,WEIGHT : 50g,"사용시 주의사항1. 왁스코팅 된 소재는 일반 세탁은 절대 안됩니다. 제품이 오염 되었을 때는 부드러운 솔로 닦고 다시 드라이 해주세요.2. 왁스코팅은 자켓, 가방, 바지 등에 파라핀 코팅을 하여, 내구성과 방수를 위해 사용 됩니다. 코팅제품이 구김이 심하거나 젖었을 때는 드라이어를 사용하면 다시 왁스가 스며들면서 크랙이 없어지고 구김이 펴집니다.3. 왁스를 표면에 계속 덧 발라주어 관리하면 점점 크랙도 생기고 색상이 깊어지면서 에이징되어 나만의 제품으로 만들 수 있습니다."
